"track_id","predicted_popularity"
"0X9MxHR1rTkEHDjp95F2OO",0.301972959449564
"5TvE3pk05pyFIGdSY9j4DJ",1.09685251120232
"0BUuuEvNa5T4lMaewyiudB",0.312678407958019
"5IfCZDRXZrqZSm8AwE44PG",-0.500935678684528
"2qESE1ZeWly7I3YjyTXmXh",-0.500935678684528
"0xbMRcMFqxJq1Wa7tvWPtn",-0.0513068413294365
"62EwQLDw0dprDzuLwQ0sH1",-0.388528469345755
"3lvo0I8c2qBJDLZWqExDgC",0.558903723652474
"1MLr9b1fOybO3MGiLy47Ys",-0.998739034327666
"6JGjevTaqr9J1xp7YvYUKF",0.213653009254814
"2DHDuADAHoUW6n0z80RLQF",0.904154438050134
"5JDcQAztvZTIkrWoZihgvC",-1.3199024895813
"6owKuyHxUqidcAA6fPKSyy",0.0370131088653138
"6Uy6K3KdmUdAfelUp0SeXn",-0.811393685429711
"7DYsBLdOqz0z14tYWMt2Tn",-0.139626791524187
"2RFt6ZWQbr9mPhsft9u9eX",-0.23095764911194
"59pUIlXjQupbiYwt40uUTi",0.687369105753929
"0VhZ5JYfqPojSYeGWnk4dL",0.486641946220406
"7ACW42whcdOiUxiNVu7ltx",0.00489676333995006
"08OjvLnGR3M0HUhcePeMNO",0.542845550889792
"4zcMBfbQZvBSHQBGDd6gsN",0.703427278516611
"71M4QMn8nrok1KFVXwEEyU",0.293943873068224
"7d0bJhpp0mCYyMXaMgWyMS",0.767659969567338
"73oHkllHIT8fdbzpxiXW40",-0.343030313184824
"6IF2P93LkyW4GqDQu1yS7H",0.470583773457724
"23Mcmg5O8rBKAOzxvrTjnD",-0.0834231868548002
"00DuOxungwHwVUX2m37P0P",0.189565750110791
"1EyvonxK8OGHRV4WDRdArc",0.719485451279293
"41A82PidFKhGX5hm1WoaDs",0.51875829174577
"3NCg46FWgnANZc9HQHQOQR",0.655252760228565
"4bXoVtbp6fN8FaSQvGQB41",-0.617357431213972
"0v0pc1lIt5p6EBX7pnfOGF",0.334089304974928
"27Fq4XyOkogdGLcfsVdjFb",0.0316603846110865
"3akr0ZrJxLMBLIFeNNKffW",0.587005525987167
"0v1vufjir4OE4iRckLMoLd",-0.48353932485829
"2X5AFygz5SDYlXagyPw8kX",-0.0352486685667546
"13GvSZgg9LOs3M9uGbWsPE",0.513405567491542
"4cR4nao0hqqBtklQmGVqbe",-0.227946741718937
"4x7AdVDV9IFWp8pg4LMz90",0.253798441161519
"3ZjSJv88euP3CdvTg07dZL",0.245769354780178
"2h3VsZVKQeT0yLNQtCIRjn",0.711456364897952
"6huS9u0BDfeQHq0lObNLPl",-0.653488319930006
"14NiShC5b46yQxBN1mu9VJ",0.615107328321861
"29Ns3avs48iQhNQgrHMEkm",-0.974651775183644
"1U1GtaJeYwGsPgqV9Me5bb",-0.364441210201733
"4PuUa8e5s7P3Zv1IdCGIsa",-0.287591383408898
"7jJH8F3PHlNvxfqEAAfFDl",-1.15129167557314
"7qJtNgmUyzy3R86vJwk9Wp",-1.36004792148801
"0fUB9bwvKLRpOB18YZHz5N",0.928241697194157
"1nFJAKHt0jgzVogbNJT3Zz",0.727514537660634
"2gBYjMXW65daBB1elr68JK",0.615107328321861
"7mQmu0JSoEyYU763IJXhIA",0.896125351668793
"08feveJTNL1OMLSrdoHQ6Q",-0.0593359277107774
"4yRlTvPVfEyhXfp6GZurq9",0.462554687076383
"38ssTLOvoZyL4CLa4ImDG9",-1.13924804600113
"0njuNwIyB3DoBHC0SFUkOr",0.318031132212246
"5sdliaZjk3rVGuT13UVhxn",0.60707824194052
"0x26yM2rrvtoHGRXXzppx3",1.05670707929561
"0KF5nzdiqZlxVK68MPITst",-0.260063087244301
"4j0xGuo8Z47wfBiVunT6VR",-0.260063087244301
"33SH8ZC36EzoRstHbaFE72",-0.908411812537581
"18PrtmAcNMgZNy1edWuXGb",0.687369105753929
"4CU3t2c3TIpmzX44P1VCFi",1.43675050134575
"4WtqjjSiGYHORMr6VX3td1",0.992474388244884
"5dH4xnErpUOIDrGySWGkfJ",-0.268092173625642
"2Sg5gtKvSiRf7TBjI0ObF2",0.197594836492132
"0ngtyvPUKR4YTtkVKvZP02",0.52678737812711
"5PCwedwyeLZQ6xAUIKbwos",-0.276121260006983
"0ifc4mq2mVNefgQFmtXQpt",-0.822099133938166
"2gJ3ZOaiWr3jGHwevufOxr",0.839921746999407
"4RiKD76gS8huCzwWqw0EGC",-1.35335701617022
"1igSa6QILI1jyE970ZMYW1",0.012925849721291
"1yycinn2WICj4UKGQ9xPjD",0.558903723652474
"4I18rXWixQBWc8JhTqx6Xn",0.687369105753929
"5ZpSUdy5wL5Hvwsqz6JCAt",-1.16824196904486
"6XCPQygbj33s7OUxlbo6bX",1.09685251120232
"4N1PJshrO7sHB468RoZQjL",0.623136414703202
"3NrUMv6TqphWgk2PdDdg4H",-0.549110196972574
"42mkE3wbofBNickLHgdVlo",0.968387129100862
"6JAXWoK53LV3hYARf4TzzP",0.502700118983088
"6y4PDihMDJdFRjhunzpJ6s",0.414380168788337
"45SbQo5bq8f0hNdB70IyFC",0.711456364897952
"39dhIbeOy13KQlVlLM0m8G",0.647223673847224
"7oyFihJppZYPP7o0NfoHnZ",0.599049155559179
"1BZnc6VaggPnrQyjem5Dpf",-1.25108174916981
"674WNL7f5Xo8XxtipzB3ao",0.574961896415156
"73JI06Eznb1N22KHpo3HL7",-0.73596893457469
"6339iq4yAm87arKgnNc922",0.775689055948679
"6mFsYlDjG2Esy5hXhNy78t",1.17714337501573
"1YnLthg0HOs8YTzgN5hVh2",0.60707824194052
"5EndcDV7pcbLO4jE2GBZwC",0.334089304974928
"60wxK3idlzc3lykP8cYZ2l",1.16911428863438
"5DZVpQguB5TGP3MdkN3JSP",0.462554687076383
"2HUZVffVPXvqnrml0gXggp",0.35014747773761
"0R7EWhquaAICmyE5MZqt3q",0.502700118983088
"5u2HaXFymnYNePtwI5bU3t",0.655252760228565
"0eyE0L7FbNrXaByFzMXT1C",0.293943873068224
"0zANeX4R6uWb82gCQAguOD",1.35378327540523
"2GbTLMvttdfKoz4YDjZJis",-0.163714050668209
"2GzvzxXnyJ9l3obE4JskC2",1.09685251120232
"4tK4ARuilOrBzwVQK73E0Y",1.08882342482098
"1tPYm2PqXjYL6lM0AfH5aT",0.51875829174577
"2XshyXPcxtwvyFMys4JCqQ",0.623136414703202
"2EkGF5wYi3QrxTMMQftm4a",-0.123568618761505
"2vOFdBs2kss9U0ezRGTG2E",0.189565750110791
"0pegFWSUOTiG0sLVEfxtvA",0.0932167135347003
"34HNaUhhTgO1jvfEuXHFyz",-0.099481359617482
"2saK0E712wIB3Gf8QLuFYX",-0.59728471526062
"1HfxPaJggVwFsvOtHbVzMz",-0.115539532380164
"2wdfI1pjsfvviE7WTKGSYM",0.502700118983088
"6xTLXrdNqOTcTUHwPh8Wp1",0.0450421952466547
"5mw8Zmzqx3VhxqokFAntGI",0.880067178906111
"4qScDvgzJs0Oo30kFaJIuy",0.550874637271133
"2lvcDndxZGuowLA19g4YDv",1.40195779369327
"3PcIfTefcjfWTK6WFmOLqK",0.743572710423316
"4BguxPKygliNCIkzwWlYxU",0.0611003680093366
"2f6RlUydW1yTWhcXqaBhA3",-1.18799607045927
"44odJaONNr861TeNUYSx3L",0.815834487855384
"0pfG8LwO7hSdHe6hTgc6a6",-0.998739034327666
"5s6ppi6NDeK6FXlX8XCajM",-0.235975828100278
"685WYfzmOeDOF4laU8UuOv",0.815834487855384
"2dI0UV4hCGnLaJVja2iosu",0.301972959449564
"1AJRWM34yxnAxhF9TEK0Zj",0.494671032601747
"4E73Motq88LCg5Oy42uynU",-0.732319349855899
"203WkDdprjHpN37QMBCMyJ",0.591020069177838
"1CtfA9JkJ5cJQgpO7wEj4V",-0.235975828100278
"0g5bEa2Kxz18QLp4qotw3z",0.189565750110791
"6kw6xVfYpwqUwCsIrHHdYl",0.912183524431475
"3InBIgygsMQ90Oc2Izt1mg",-0.219917655337596
"3ocm1Cf1Dk1ODrdBdybh82",-0.589255628879279
"7bKWcP3ExUaYeRivBx5KR5",0.751601796804657
"4LzdviA9tys39CccjkJubr",-0.420644814871119
"6ad7bQ48TlqAgebCExUJVe",0.17350757734811
"2R1ACTXu88oxUcplmde6kT",0.687369105753929
"0F78T5bfHQCliaNjBkIYBq",0.647223673847225
"7quFUf8mR7wUxeJip0awxn",0.414380168788337
"3Ebx5xEUEoB6iod7vSak8R",0.815834487855384
"5H6Bc7oEWYuKrwb1pUZWhh",0.366205650500292
"5hCgm1tDb7ZZKmRtucTTjh",0.0851876271533593
"1PEpGWRE4Tjsk2qy5teW4p",0.181536663729451
"68HbD7rEFTlnJy4UWSpySY",0.332751123911371
"35RrDnREM1xxx4YBxDHikm",1.10889614077433
"0P0v83waDX4ElzSgmF1cG5",0.0530712816279956
"60Ul9B9xErs1tAikGkBEfL",0.310002045830905
"1z2fSrYZqrO5tMqzULn9OD",-0.589255628879279
"5QRt4QovcONoIVzwnlkU7z",0.414380168788337
"4zzi2eD2cEPpQ3a307mPPj",-0.163714050668209
"27C0RwdWb6l4j8UGT5LZrR",0.807805401474043
"0R3LjmIZg8MiBlf3LdYjcD",0.149420318204087
"5Q12oF5TRQL7AQsEY1PZcp",-0.613342888023302
"1BEf6XRdlqtUctXYEicKbE",-0.0834231868548002
"7nixLKx5skJBEKyiqZmdp7",-0.436702987633801
"2I4gO3ZoMLZaCeWMZGOQ7o",-0.302884881278119
"1m3Lsbhkn6yL8apzsCiukd",-0.50896476506587
"3lawK0CXk8hJ1yZnhNMx7u",-1.36004792148801
"1Cu8QneXq0Hq1HJqkZDPbN",0.494671032601747
"0roPf0bwAsBDZv1bR15m15",0.904154438050134
"1t3koreZmmgvTYvxATwqfz",0.43846742793236
"2YGu3QpHqj5AHtS8RzFQdW",0.285914786686883
"7A7IsQQPGxlfHiDDl2Kct7",0.767659969567338
"4KMXlzvtC8xjLseDqDjpeU",-0.436702987633801
"395XDt5vt8DKguJDjGtYLU",1.29757967073584
"7AZAGSn2B1APKe2XBbzB2G",-0.51699385144721
"7fMxaup9mYP470sT9I71Od",-0.645459233548665
"1k1jxdrfofuDZmAuLtyq6m",1.23334697968511
"1VtzCELaY7snxB5vNXbAGg",1.02459073377025
"6hDBkm6B8HF9B4oATW28YN",-0.311806088368498
"2hVaNGGvdvvzRPCK9BUZmA",0.647223673847224
"2OcZ7956nCJ1OJ6oyNDLtf",0.855979919762089
"0MWxVd7Hk952psJoL249TT",0.775689055948679
"7j02rdE5RVtNcNMuLGY5SS",-0.791320969476359
"3D1PuFi2U8lmtdWRZcCz1f",0.855979919762089
"5HhcXgRU7kYszL7OQZtNlc",0.703427278516611
"1Q6A7Uy4vXDfcnigKgwPZp",0.78371814233002
"5ZZDntOE2nYjjq7Uh2mZcJ",-0.0111614094227319
"3R11aqnxH9nlrxyAPV3A3Q",0.374234736881633
"4uPvXmXGjYOOqhbRMmS9XU",1.07276525205829
"5Pk2JQFKZyFnA9e7BAQQQm",0.012925849721291
"7lr1Qj5i2emYCPqUiIyFcz",-0.42867390125246
"0imuQm7CnK74UdorFpC2Eg",0.213653009254814
"36ccrof5DFicLrejE4hEye",-0.219917655337596
"5quIK3oXwunG35RI8HSQDi",0.310002045830905
"4UXZoNGOQ42aV5uXCkLuYm",0.293943873068223
"5kTmg9n7FZ7xv8SZVFhX8P",0.639194587465884
"25R9Ax7cdjWx0EDr2HAKoA",-0.990709947946325
"1DxwWEVXzZB2IqGxI6GYRK",0.855979919762089
"5IuV0YqQfVkzRQmvoDClV1",0.237740268398837
"53yCbC8zjcNQi5534UDoWL",0.334089304974928
"0Stf1ND7zaL3TEo8kZgld1",0.679340019372588
"6c6xJgk6Z7WElX8tRUdjZk",0.285914786686883
"7ccurrFI92e3hBtU02WgTL",-0.621371974404643
"4xN6o0Y195FTgzQvmnuMNw",-0.00179414197783408
"2FYSLfTFri5Gbccm44lXA3",-0.549110196972574
"73Zqgqez3FbGjeGRhSkw0O",-0.412615728489778
"1epXnhFfFToKeugQWBCsQg",-0.736249671860751
"1ZD2MlKRTYKI8oewOt28mc",-0.139626791524187
"3zVMv0mxjnJRw2BX5ryCqT",0.390292909644315
"5ieA3sRjDvak7oTrbrR6mV",-0.316266691913687
"0tsjEf663ZNWGlIqY2c0Ms",-0.396557555727097
"1Vc0GbabaIukvQZeQTrNQc",-1.23158253938655
"3BGxXQJWeLAEcwNKRFUxYA",-0.17174313704955
"3j0d73FhRaRKlasGXXKZMu",-0.219917655337596
"3hhC43A13GnvLnvhSXemhN",-0.179772223430891
"31RfYWiC3WcExsZtqDMvdS",-0.34035395105771
"2anpZSamsEnNY7v1ScOkhJ",-0.886331824988893
"0gKBYJ8xmhWjpBzlPPKUoj",0.0450421952466547
"2CTzBqhD3xitdqHzEaGoiz",-0.443393892951585
"7oSCgig81QrE0hr6weiwgc",0.711456364897952
"6F4zAdEznwkmn8MHJtcjtT",0.599049155559179
"31p1i3XDY9W8ORcDXmA17Q",-0.908411812537581
"3Nb27pwwcFmJhP6INhri4z",-0.187801309812232
"3ayGhSSsgy1PyvJi6Np0CH",-1.11917533004778
"6iqj4S2j6HZOAxyE1i5OXs",0.310002045830905
"3U8py45D86LbBF6jZtaxMH",-0.573197456116597
"19Oj8jiVAn3qRr0DhlLU1j",-0.179772223430891
"54OvaGEkwX2FnqIMS05S82",-0.484877505921847
"33NVGT7agcN1ems0OLUlCX",-0.605313801641961
"14XaLZBDGnMY4313d4G51A",-0.581226542497938
"4CA1DhfgMg9iRDibIgTu1f",-0.00313232304139088
"25WjhzidELBiE8WBROJIRs",0.133362145441405
"2KDD9eK8UrlbxKjx5XodvL",-0.86224456584487
"4Gk58WahIU0EfGR6P0T8Tm",0.253798441161519
"382pQ7OIddHeCHHdaFxyYn",-0.697648295027381
"1wYgb2WSoI95dYx2STlgDk",0.318031132212246
"2dyDSWM5tzbssqqN4LyGCV",-0.131597705142846
"79V8ZpQFYAICfLFHEhJq7T",0.558903723652474
"7zUyeooUE7M4sl06eas3uE",0.109274886297382
"6w1T511GDmnHWF1EqqZm2y",-1.05895718218772
"2jR9xbXmW7L5W2qMLQprBy",-0.115539532380164
"56EguJRcOCOiNV55dxin1f",-1.09508807090376
"3kn7d9avE3lqlhmOK05O2X",0.470583773457724
"3ZYakLJ3Qva6MlVXmxnjmv",-1.348004291916
"3aYnx0DinQBKrjS5OjSDEq",-0.0593359277107774
"76Id5YpwGnoxtFNceLXFMY",-0.356412123820392
"49ieDVc3fyaSV6QUiusAWG",-0.235975828100278
"6k0eY0m3EDzcV2tFSHGcnw",-0.380499382964415
"6QkjoJ4fgWczKVLkN3zsGR",-0.444732074015142
"2TPCINjlzZ9Hbp0tCRQC2b",-0.746917688731064
"38hOrmc7D0YqWZ2QYdxgK2",0.43846742793236
"2v7OzJaNF7ZCXrbnsYonGw",0.0209549361026319
"4cFyYjAGsKwcAoo6V8EIAr",-0.0753941004734592
"0nMwIoIr5VdUiEeEPMWQ2Y",-0.0432777549480955
"1z38CbWAVCe8mJ9r4uWTAa",0.213653009254814
"4l5OJLb3AsvfEyeAYAJHpe",0.149420318204087
"3jDxMQEuQvVjCuTdvcD6qO",-0.0513068413294365
"4uvbpWSO8tnJFWwDCimjmU",-0.292179432769664
"47zhPBoQaIgrDlRTZn3e8Z",-0.300208519151005
"0aRBk8abP2vA3wl7GV74SA",-0.356412123820392
"3n4xOoTgs35OjmOnCDj1VX",-0.17174313704955
"7yEfhrMbfp8XNUrBFM7660",-0.570521093989483
"7cn8UphRWOPeGn4hxMvY0X",-0.260063087244301
"4TbIOAb7FfbhHi2glq0EwA",0.245769354780178
"1bZH8L8V2m454tdcSPEIl7",-0.50896476506587
"7EytAw7jpuHSPDoro79Rc0",0.00489676333995004
"0QOkTTHHu298cUM38FZTd8",-1.00676812070901
"5IDX3criNsV6KTvV5gTfa9",-0.0191904958040728
"2NVK1qY94RNPBEururiknk",-0.364441210201733
"1Y7JDqUVbaHRPsLJtSY8ie",-0.565168369735256
"7p0h4RYJA700piwO1grdoz",0.582990982796497
"7qUQGYIqnT3aySe3apNgUD",-0.0753941004734593
"2Ou1qva1FClzi7aMf5RQ6q",-1.30843236617939
"2PZ0HBnevHMlXuWiH6uMyc",0.60707824194052
"6PnGujnRXNLYNkncUjlx32",-0.492906592303188
"2hNvVIN88wlihfnm8Wbk5h",0.43846742793236
"0ut6MoPysgNdUVwaHBFk6h",-0.099481359617482
"5pNh3jnmSvVfLcPYw57IAZ",-0.789982788412802
"2eU6yZOsTESuFQfl0T4zVf",-0.577211999307267
"7ACrwbWJLys1l6U4zVgcem",0.277885700305542
"5TMgvUss7jcR3HSdMUP9Cf",-0.733779183743416
"54sxsI1fcUJSAmKyty00r5",-0.348383037439051
"3VDMcm2WqOQdNpzLqlbp9B",-0.260063087244301
"5F9Dl7OW3NWFRzPl06cDep",0.237740268398837
"0504BmZ0EdVRO4faj6q0Yc",0.012925849721291
"0s2SG6L4JkZJh5vFO95iJs",0.51875829174577
"2M9GSIPgimCDpUStz0yauA",0.372896555818076
"6r28y5CqVyxCG51sKZgZkl",0.422409255169678
"20noxTXbVTYkDPmVSklVrw",-0.380499382964415
"26dxHzEGUtOSQ0M6661JNi",-0.51699385144721
"1LRnLcvfg4fC7Jt71OIFaB",-0.757866442887438
"4DKO2CA6oURAbnG2shWVOC",0.711456364897952
"2KR6wfZkGkBVYrwKQkuAxR",-0.348383037439051
"5fvRDiB75q9s9cvtcZIyAZ",-0.169066774922437
"6ycLgWUCewpOvJfLmwCcBx",-0.0753941004734593
"3VhI9Y8WXoKSME4BBgUnWx",-0.17174313704955
"0uln709ghU7gvFT38aIOqq",0.133362145441405
"1kCEEv2VBnskoFDUCY0egw",-0.348383037439051
"6kmxXd854XIWqAM3Foa8Ox",-0.749837356506098
"62vanxxd2ya187PcF6Pc59",-0.693633751836711
"0JrylPRXs9uPGmp2KjON40",-1.34398974872533
"2sxfEN8hXpVuT71WHTrmGp",-0.380499382964415
"5gnfa0m0V9BPc4txlYtB9E",0.502700118983088
"2sSxCkBPaHbTlbLUdO7v6X",0.398321996025656
"5MYEsQRQLp9H82wBUHq8cP",-0.661517406311347
"5TgyYzvxGsPAQwcdpY5f5X",-0.155684964286869
"6wWH1NP5tx5nogRyrD4EbT",-0.621371974404643
"3lB31lvF4GEwKwMgFWwCJ7",-1.04691355261571
"3RZoPvPHZsPTTc94DfWSCL",-0.525022937828551
"5GMhgIyKbUlcw05h394yvl",-0.163714050668209
"7dTzsEPl84MJwS9Nj4M2IM",-0.51699385144721
"66EEMEodoRLzZ4grinLinM",-0.404586642108437
"6hFPFh4rr1gJiO6JE1BVbD",0.0851876271533593
"6e5hyCF3qVFEtPm7QsRiw1",1.1222779514099
"2SrhBEuMawaayICmckMdlM",-0.25203400086296
"2YihM9XOmwQHahqSpOui9C",-0.726642218071113
"5KPjNZYPSOzFycfWtwuAaX",-0.332324864676369
"73II8WjkIk5TyuUiHeYYHw",0.310002045830905
"7JC0cOaZHSSH5865V7d44K",0.823863574236725
"74ZYdKyVYgiemIALe3w5Za",-0.677575579074029
"1elI9IOBskmT6IHYbtjc8F",0.510729205364429
"6vxVWANYDzpoWJcF4vVbr2",0.221682095636155
"74G3HqFHDBqvev3Gow0luE",0.446496514313701
"1xuYajTJZh8zZrPRmUaagf",-0.0513068413294365
"0hvUNtmLVhnOXhZmkNtyqh",-0.348383037439051
"3tFS1lOvSjabTFmOPTNifs",-0.348383037439051
"11XWPGHeK0e82Jmtu56G4R",-0.693633751836711
"0tXQlZrIM2qHF1TpUYtZ5Z",-0.348383037439051
"0s6ISXTrjKbtUM6dO5KXo8",-0.661517406311347
"2t6XaEhrYLYP6ysVveqiFr",-0.348383037439051
"01WVTVy1SxkOJ9wtwSioWL",-0.284150346388323
"3mecpQUsNEqBgIk35tdkf4",0.0450421952466547
"0Xe9Yb3MKkQvJuxgBXMleu",0.157449404585428
"64SXxSKy3ZIKuGk5vyve7Z",0.0611003680093366
"1zr8gucSalWOACeVRFQ9qm",-0.436702987633801
"5UFtEx81UIPjQtugmesmcN",-0.677575579074029
"3cgDIBKGbvEhdWbDsofQzB",-0.661517406311347
"4BqC9W4fV9irOrKgStgKYr",-0.629401060785983
"6PiIbpaBg3RKXpcGpgRHwQ",0.334089304974928
"4Q9ZdYqNIF1UhxKsrDkitE",-0.380499382964415
"1RIhd7jjWDQwSKsbxxGArN",-0.179772223430891
"47jJmSxhqyuGUc6VkWYBJt",-0.284150346388323
"6PJ11hU6MSUwm8aB0SYXO0",-0.998739034327666
"5zc9sDB5u1KGA1CF8ej2gY",-0.308237605532346
"6BOncpUpOAP1kKJO13gOkA",0.189565750110791
"38raqcTQ3GEuJ48yBWoJaX",-0.621371974404643
"7qGrjVQQmh6blinO4DyK3c",-0.268092173625642
"2SxZhIMY31SHc73awIteKR",0.332751123911371
"1Trsjxw3OfwzIVsSuItgIa",-0.677575579074029
"5rJSFuBV3QBGTrywHJt5sA",-0.657502863120677
"6aM1dvHvOjUSNbWsp3zLdJ",-0.436702987633801
"5pptzEI1LJFtNrhFDH8Vet",-0.380499382964415
"2Szjsv5SLiGyCPAraUnNvk",0.279223881369098
"3pbjRPcTq1UXgojOXxtkm4",-0.388528469345756
"0JPGmJFun8zJ7c15Stj6Sk",-0.476848419540506
"0y5kQLkbgdCq6ezuXhaT4b",-1.23158253938655
"3EtsTQGKkUXaGDmMi7GRfD",-0.51699385144721
"3ZucFCxCGG9Jv1xuPJQF6t",0.252460260097962
"3hefAnE3N74TyKr9IB5LRf",-0.460790246777824
"4JiXeUJqbIroO8Llxgjxwg",-0.34035395105771
"5aJI7OzC1n3XKVLgYAxgwj",-0.219917655337596
"1k3QxdsAYJMstaAV31ssId",-0.581226542497938
"5RfNONcEtbhBEGwAiDjoEv",-0.757866442887438
"7znOiQvrH4BlKqL7asr54l",-0.268092173625642
"1JBy48ChNqcBo6VDqD9f7y",-0.86224456584487
"4DQvQ14fFSaasGyaAQao6W",-0.139626791524187
"398y12FgBS3Vw2Q7hQH6bs",-0.0432777549480955
"1udcRyPUJr8B8N7hAE1Sdm",-0.51699385144721
"4HA6HwaRTzB0b2hlFV1Ncb",-0.0593359277107774
"4BPfhlDv2iYWwpFgaBf4yO",-0.950564516039621
"6cLtKtakegCY6n7iepcLYJ",-0.356412123820392
"0MAjodNUjLlzRw9hd65QiS",-0.452761160396483
"6TRYv8brfH12SfgV8lMraP",-0.452761160396483
"2GS8EFnNZIkWCW4dpvwEVa",-0.203859482574914
"3IQvH607gDiHXdT8wnqgtC",-0.268092173625642
"2cAz2Kjy2Zo1aFav7iITEC",-0.396557555727097
"6jxGGknzB1s1fnCKvRt2NC",-0.822099133938166
"6c5flx9Sfv7qCFlx1aVPSG",-0.503612040811642
"2Vpc8EmFu6yz8ERrl47mwm",0.374234736881633
"20YRsH03UqJH37NLydGdgo",-0.549110196972574
"2ECHfbGbzm8gTFBAqUMZUw",-0.733779183743416
"22RPKKHCEqiEYQMjc7Ed9o",-0.260063087244301
"28i8wrtierqlLXenXZqgRL",1.25609605776558
"3HXwqoy1n9IEJVEnL6CC1E",-0.364441210201733
"73YJWP6w5D84mED9wQodIE",0.896125351668793
"7pW8qktBmU1SLIDeiVb8PP",0.534816464508451
"2WaesAINqa4dKnLVu8JQKS",-0.284150346388323
"5gXeGIJCGNycRlkoBIpBeJ",0.326060218593587
"6KKIxIWUL2dOn4CxmvY0H9",0.18153666372945
"3i0diO0lN4p4tfvomLBKNP",0.0450421952466547
"2J151Q4dYeMJ4y4scrmrjE",-0.59728471526062
"7iX4C1EgJgtt5ocP5IRrMt",0.775689055948679
"1HFNvYXrTjnYzk1M4SqRc7",0.35014747773761
"6XuzaFblCTQdVoq4AY75kW",-0.725750097362075
"4MTlCpVmNYut1jee7533pS",-0.910419084132916
"4PqKGf9O8g1MiVDDDFBK6P",0.237740268398837
"3o3cy8oFHup3b095QElRsS",-0.235975828100278
"0A496x5Uwuivwvive8jEsl",-0.219917655337596
"2qPglKAUAM1sDKtfYpuq53",-0.219917655337596
"6VD3viS5Mcmk2P3BzEq3zK",0.26182752754286
"7v47Ay5InDjnSZ3idVlMzS",-0.327736815315603
"0bv9wYQ6TW0cY3sLW1DDTU",-0.107510445998823
"5HIZ8V82BzmcQUwTqZK5J2",-0.541081110591233
"5gq3egwoV2pToWU5goXEvi",0.687369105753929
"0HuzFOajs0M126BCUJYN81",-1.36004792148801
"5AyV6bXjo69l6FzlUGYaBG",-0.380499382964415
"7vguMCv8uVuZLiQJ156u3Z",1.03261982015159
"4CeeEOM32jQcH3eN9Q2dGj",0.520096472809326
"7uCBGNn991AM68fR4tSDco",1.06473616567695
"23PvWFdi76vER4p1e2Xroj",-1.31416742788035
"1yZWmKmLfTrFCxHvhFsdoN",0.318031132212246
"1tRpraJDpEUl0HjnkMosqx",-1.34398974872533
"6ehaWPjsNSf5HWOXTEFSUi",0.687369105753929
"47dUWyurHWefCpINwcvit2",-1.34398974872533
"71BwuaJ5VjGx9EJdrc9OX2",-1.36004792148801
"2MCUHzFEXf39cyzcNyKw7B",0.0651149112000071
"7GEQkaJPZmph6xtzXFNWxn",-0.789982788412802
"77s65ayZ3gXbqMV8jKH1A3",-1.36004792148801
"2vU6bm5hVF2idVknGzqyPL",0.125333059060064
"2xql0pid3EUwW38AsywxhV",1.49696864920581
"3SWqGa1J0M7hSBUDM0KePD",0.406351082406997
"7oMO1B9CB4ZPYPLeVe32OY",0.422409255169678
"2q9STTSwMoEVLyvlNZyOdA",-1.30652067894574
"03I89EqsberXEAapUd1yWu",0.0651149112000071
"0lpdGobBIXUFiPaZpDR1Bj",-1.29581523043728
"11oRhYmKwkh6iUTC521TSk",-1.30652067894574
"0PSKFp3zoNmJzDsOHeLV6l",-0.262739449371414
"0nI0q4NuoOIskGNRizI6vs",-0.316266691913687
"1wmOubz5LefeGM4KDAcsfz",-0.934506343276939
"2u0CelO5c81XS7z3dGpHbS",0.52678737812711
"0VF7YLIxSQKyNiFL3X6MmN",0.703427278516611
"73jVPicY2G9YHmzgjk69ae",1.37787053454925
"0uBdQzKghx88d2Lp8SLFKJ",1.53042317579473
"2aibwv5hGXSgw7Yru8IYTO",0.799776315092702
"7Fv8Qp3tTSbSS2VjryUF7L",1.40329597475683
"1BGMcTlICbYWgfjiRrm3RJ",0.318031132212246
"7IMnJ5f7mRoGTtf8TPAILw",-1.36004792148801
"5ftfVzSLIi5ZxYdNbRtf41",0.0370131088653137
"5B726JjKRgY2wdm366ItDP",-1.20749528024253
"7JDWhC422Gtk1Bq0mL3OTC",-0.583902904625052
"5SDcksP8En1l6RtTY1wzHc",0.823863574236725
"3NLrRZoMF0Lx6zTlYqeIo4",0.599049155559179
"5WTKiRTdoDk07YJOP7y8DU",-1.3199024895813
"4U1WGnRxI57j3Ebi9A3HtD",-0.990709947946325
"4dI3UmOl7scnyCU4KgaaNO",0.574961896415156
"1lYHv3SEkE6wKfZRe0HMOG",-1.36004792148801
"0JtccJIQR0zb4t2SSdsGeN",-1.32993884755798
"7D9CMVj8TeaozjxYCIE5oF",-1.35001156351133
"5llJJM8CQpZhfUBwrJzp4c",0.358176564118951
"0L7lTy1aRn1TYYCTazcO5j",-0.68560466545537
"0fxpHpK3aw2nFWII6yveDD",-0.737793726934086
"3A5GWLRz25wpL8yx4vf0sq",-0.998739034327666
"1NaHqvYJ48wdyQZMkNnUUr",-0.147655877905528
"0hPjv7ShJQkoZM8JiBnTqa",-1.36004792148801
"1f9jv3jIHqwZhVW7NMAgYN",0.245769354780178
"2rUzh19do9xKVsfWCa92x7",0.574961896415156
"4QBuC8RxPzFPHPryVdnF0m",0.454525600695042
"6FLMTRlci8RrAegvGIuoYS",-0.22259401746471
"2ZLe81mFJfD39BqIy3zkWb",-1.21552436662387
"0BaVcB3Mn8QgGUdEi2yqCb",-0.617357431213972
"7KPwpv8wlkkaNRd4LLoQT9",-0.472833876349835
"4CbKVDZkYKdv69I4bCaKUq",0.960358042719521
"1vhNd2F1bNKV7DN4Moa8z2",0.35014747773761
"0a0ojBktF5aWS7Cdjf4rTA",-1.36004792148801
"6AQl2w7IHk6jOYgSZcXj8z",-0.396557555727097
"44zVV7hw9cCj2tmzCmmChE",-1.35201883510667
"3F4M4WsRWSIaHL2Nio1S8E",-1.35201883510667
"1nQYbtP8RwXxA7DwW6Kn38",-1.33328430021687
"2AMjuIoFxAYnQ5PWrRceOP",-1.35112671439763
"7y5uK11sbFNiNEafUvntSL",-1.35112671439763
"0EfsDEYaSjGYd66Pr881nq",-0.500935678684529
"1fDFHXcykq4iw8Gg7s5hG9",-0.0352486685667546
"0KzAbK6nItSqNh8q70tb0K",1.36181236178657
"7wCmS9TTVUcIhRalDYFgPy",1.36181236178657
"1EWRXz6c0WPKae8vziEnZi",-0.389866650409312
"3To5owsnumbjenW1G5j0VK",-0.249357638735846
"5AOrknyCsTI1KUBr92efWi",0.185551206920121
"1PYe4YkKMsZ4JdvEZYBE6m",-1.34284273638513
"3eHYnUFpEZjnTQag1EVxHC",0.86400900614343
"1b7DozY0xHWXU1T84Lck1z",1.1530561158717
"59WN2psjkt1tyaxjspN8fp",0.269856613924201
"5UWwZ5lm5PKu6eKsHAGxOk",0.1520966803312
"4jZDioY5bkeiNBGK4lGrlA",-1.35201883510667
"5gRjZANENPGzKGrOsBIVUa",0.0249694792933024
"7mULVp0DJrI2Nd6GesLvxn",-0.926477256895598
"4ckTIXFjIHbZkK1HxisLFG",0.422409255169678
"04GunTYlMUoEnc5pwzQANm",-0.822099133938166
"6aUEWZkvcTFOpr8viqbRza",-0.94253542965828
"63OQupATfueTdZMWTxW03A",0.494671032601747
"0M1A9wInEHilyWkh4I8tWo",0.831892660618066
"0IK8y0vAO0sM630HsxwLht",-0.990709947946325
"2u9FerEIRu8IbfHUbPjERP",1.29624148967228
"1aKSNq3Skm9MIIksjx5bFy",0.558903723652474
"34p4d1RRVLvfg1xKEJfPvW",-0.549110196972574
"0SLjeqwh5iy8DZcaGNIaHJ",0.446496514313701
"63Tsq3tqiZIOW9XHaDT3gi",0.172169396284553
"36foZ6OSZvUPgR3uNbuHiI",0.172169396284553
"305WCRhhS10XUcH6AEwZk6",0.285914786686883
"2a1iMaoWQ5MnvLFBDv4qkf",1.112910683965
"65Ce0h4SA18GuH6nuI1QWe",0.78371814233002
"6hypt8VPJxeMXTTcRUHS86",0.781041780202907
"0sJ4NbFdEhgLOtInlbRmFl",0.615107328321861
"6VQW8Ye28Crwz90BIexsrF",0.0691294543906775
"0CaAQYzg0k2poWXt30rCz0",-0.500935678684528
"4o7qQwLjPPwXNNSTax6yWr",-0.00313232304139093
"07VBqWH6NG8L2ad3l84UKk",-0.485769626630885
"40iocOzytrqaRn5RbGPDNp",-0.0272195821854137
"3tRPfCFAEv6wWyQO0YnGGV",-0.0820850057912434
"7kxfWvj6u9oWQ5C36kMtGb",-0.870273652226211
"0zdzgfhY18Au7dD1hOrTrX",1.17714337501573
"0VeoSHlgashtg5JYPJjl15",-0.987268910925751
"3zjjzKg16tczCMwckGKGuH",-0.17174313704955
"4pIO4Hi73yRGnXt8zRbQ7m",0.293943873068224
"6PypGyiu0Y2lCDBN1XZEnP",0.205623922873473
"3LhGRE7ZNOEZhrqazWMYRI",0.502700118983088
"2GJ1xx5ZoeIJYbQKLSpoZ3",0.703427278516611
"2m2QV4YsDoVNQ9Y6THdSg4",-0.203859482574914
"6JMUqW6dwWduaPPqGCkcgk",0.342118391356269
"6kykAmLzRQI5ozXjujslWo",-1.36004792148801
"6DaHEkkaHiAhRZVEFZOMJ8",0.546860094080463
"5mC0tSmdI2MgY9ZEqiztUP",0.0517331005644388
"5jhIWm2hXdVQJaRDE9AGhW",-1.36004792148801
"4qymdn8JY94UOj1rATccbp",-1.03888446623437
"2Iq6HhIquO7JKr0KfTNLzU",-0.707684653004057
"3E7heceGl4ojbkWXyBiLSL",-0.115539532380164
"1jq28NGw6wdtFKx8MBPy6C",0.78371814233002
"5so3Q5ihUoWp79tmIm8z7l",0.888096265287452
"6zMPcgwV7bp0xgRQctwDku",-0.814070047556825
"4qlb4cHm1GmndU5p3Z5s4T",0.542845550889792
"29fm3WWIiHmHIaMX2tK2aH",0.189565750110791
"2YIpus6UhA3TOKmxNtfQrb",1.53042317579473
"0fdN1fuFWKKACOGnDJmyiC",0.454525600695042
"7op5RCUvgqOJcKAs4rZw2N",0.912183524431475
"5ZEDdR3gnXAudntQOn0yOC",0.847950833380748
"6wga1W5kGd7hVjClXpM187",0.841259928062964
"3NRVfxtC8mYrPoHjKahcng",0.065114911200007
"6eGTANo4ak5Tb1FCBLtoFT",-1.36004792148801
"6h4YWETL6DAEKpeSr0CaGu",0.0851876271533594
"7saeg1XSIx0RhNMHY5km2e",0.711456364897952
"40LQiUUUKXVGyNs09lHVjW",-0.316266691913687
"4wajJ1o7jWIg62YqpkHC7S",0.880067178906111
"33MnSYLvtOrbj5zwfioEiH",-1.34398974872533
"1FTSo4v6BOZH9QxKc3MbVM",-1.36004792148801
"70oCSjkWqBvGBql9gJz5dx",-0.195830396193573
"6kHjMdhMOz1Y84X3DHvbni",0.566932810033815
"5DSgzNSlB4EHCIi8YAXxWn",1.18517246139707
"79vchPw6mA5F3b4Ft2TqDT",0.582990982796497
"1LQBLintxKQiYmmb55mhKq",-1.12921168802446
"6Thn8AOHIwPCkf2O4ZgfC2",0.229711182017496
"50f6Sc85lbQgEaOfQm41Zr",1.16911428863439
"3QI2FbgxMG42vJjqNEHOP3",0.446496514313701
"0YHRPEBjZrfg2LHpMObMZn",-0.990709947946325
"3vGvMhuNgM3KVuwHEwZWwI",0.64053276852944
"6bzWr3EpSEolVwlbLk58il",-1.22756799619588
"0QnONzv3TvHAWk294h6DaQ",-0.0753941004734593
"49clMzwHdKb5f0awEH99pg",-0.781953702031461
"551qy5vUgrUfEUc4dCNfht",-0.0352486685667546
"6urCAbunOQI4bLhmGpX7iS",-1.21552436662387
"6PwjJ58I4t7Mae9xfZ9l9v",0.0771585407720184
"5KnqauuLF6qyZA9RzfeKxG",1.24940515244779
"4Y4ldFPbe39m81tRLOcIWd",-0.00313232304139084
"56sk7jBpZV0CD31G9hEU3b",1.05670707929561
"1NhLJcFWLjrBax77kFft28",-0.982680861564984
"6CIwEZhbp17LhI8u8VvwyU",0.310002045830905
"0KQQimYTGg3Rc1bISoSuXl",0.823863574236725
"1FHNctV68GUNLgXclG2DtR",0.0209549361026319
"5awDvzxWfd53SSrsRZ8pXO",-1.20950255183787
"6h3lMAmmpQDFqoHk9F99IR",-0.427781780543422
"5pRElcsPZrgZXkoON2o5Go",-1.04780567332475
"5Rizj5FLb2AyNKu9esjYY6",1.08882342482098
"0zpEpdoYYyhBEwgfsxqVVe",0.478612859839065
"3UEs83vjOBXpzGUzCozijk",-0.276121260006983
"4l4wZSPLrRwtIsvlq5JlG1",0.221682095636155
"6TeJ52WYcJT92bO95BY17u",-0.749837356506097
"2u65iUSn9AerEa26a4HBPD",-0.749837356506097
"5auwSKx96QcROy6CTGnHIl",0.815834487855384
"1oEVFAAHzA8xPbPoaJB3bf",-1.03888446623437
"5nQvUs9YQeg3vshSzydlRw",1.03261982015159
"5YCPqMoXNlPeUJ9fm1dlz3",-0.244004914481619
"5OQsiBsky2k2kDKy2bX2eT",-1.07902989814108
"5cUJtPvqRfXRAj9yQR8iRJ",0.896125351668793
"1kKPRIlPOXmaAMlYxY8sSS",0.995150750371998
"5YTUCHSwfwJ4oHFDjFgpEe",1.40195779369327
"2dbA4sPwu3iK72c0mA6907",0.414380168788337
"4yffABDkB5A9flvr9vQFck",0.334089304974928
"2pYaGdqXBrl8MdvuwgtBb7",-0.442438049334759
"6kvvMuXpc0njRRmx8C27N8",-0.0673650140921183
"0zNeZTy7nLEWCRrBgjrBx5",-0.463466608904938
"3iIQdR4zxBG2pkBU0L9ooA",0.462554687076383
"2JuasWPUodaUxf5nwNpciQ",0.366205650500292
"4cvngM7l4dOwldWzMOEP6c",0.615107328321861
"2AHctrKhJekyp7wIykP83U",0.743572710423316
"1Ou8VdIw39ATdskqSnAaFo",-0.757866442887438
"18QN5s8wxFP61qsKPLiBue",-1.09910261409443
"0qgDf2H3HHSfiANtWkZPXh",1.05536889823206
"5DLN0LQbIAD28k53GJfRPq",1.16911428863438
"67AUQswwoIM2Opd0bhBEcc",-0.0432777549480955
"1zMSZbxk4dDAHxBS5V07KT",0.542845550889792
"67BMusU7lw2tEwR9mPiE5m",-0.492906592303188
"2DFi8rwHcVkTTgu7PULhtI",-0.707684653004057
"55mJleti2WfWEFNFcBduhc",0.189565750110791
"6E9deAT9PHY3xwZwD0fvhZ",1.09685251120232
"522MbOYOtRZTyRQNfJrE5h",-0.34035395105771
"0pz2M8f78gt3rwgWmbpOX3",0.237740268398837
"1N8MFkbeTDjVmUaVnYVKFg",0.17350757734811
"09gysnJpfQ3ublBmJDfcEC",0.334089304974928
"6rrKbzJGGDlSZgLphopS49",1.00050347462623
"75fT19n6ZQHr67Mkh86qfD",-0.749837356506097
"1tRpraJDpEUl0HjnkMosqx",-1.34398974872533
"58yD1ZePlS6V4gImXGV8Ed",-0.749837356506097
"2QLFTiSNgt6cT3aQdeGFhd",-1.36004792148801
"3CKJz2XmcRBskVxbN3pit2",-0.629401060785983
"02ocOpp3OlYjjFvhvBDljE",-0.629401060785983
"4gHnSNHs8RyVukKoWdS99f",0.679340019372588
"4wfyFIRnxdIN0v4OGtXcX3",-0.453908172736675
"35dGLgPbz4j896kxOaVS27",0.149420318204087
"4CeeEOM32jQcH3eN9Q2dGj",0.520096472809326
"6NDhsCV7nxJeDsOpM1cPUk",-0.908411812537581
"5miFSFpVtDCmHp21YLkaHV",-0.733779183743416
"7CwwtOtObfhHMoYsh9gfTc",-0.733779183743416
"4FbHin5O4lPRgERdQEy6rB",0.647223673847224
"2cxo6cXWQCDdPTePV3d5Tu",-0.525022937828551
"5PbQBGeK9air60kXQlNHR4",0.0450421952466547
"6Fg7Zm99hVTt5Wv7NPQf11",-0.789982788412802
"14jEv2xc6r43y0Nm2ymswN",-0.260063087244301
"4f2pSxIgf6TLd6O8GaC33a",-0.998739034327666
"5SqrY9AWeRXqwgLCnLO2A0",-1.33328430021687
"6WwoaXSpEJ75vG1t674Cmm",-1.31187340319996
"61c2cPZd0ZZr7W2X5d0bUR",-0.292179432769664
"65mksf4l4ShgosppsGHoVR",-0.292179432769664
"03I89EqsberXEAapUd1yWu",0.0651149112000071
"3M1kaOBZv0cvlXK7xYCT1Z",-0.934506343276939
"6t1wUup2mF3IpJhMfAwoDl",0.0691294543906775
"6RYHGsmhxeZ5694zS1zDF6",-1.36004792148801
"22rUY52RY8r6fi66gtEono",-1.36004792148801
"70LcF31zb1H0PyJoS1Sx1r",0.466569230267053
"3SWqGa1J0M7hSBUDM0KePD",0.406351082406997
"0tFUl3tPqBzUM2aV0gitdq",-0.42867390125246
"3VEEFoeRv26mQmOzGU3Ckg",0.319369313275803
"1xXhmlLGiXcm5tXvw41Hpt",-0.908411812537581
"3zavrx2VN39liXHZnuoewy",-0.908411812537581
"1SgyVVPmNDMPoZyGgCvMsa",-0.822099133938166
"10UmwJAOxFM9XdTp6stN1i",-1.33328430021687
"0T7DQlfcadEUEjxoHeQQaL",-0.565168369735256
"6w1n5rbFLWKscpvAbYGOru",-0.982680861564984
"5j3QqRGflS4o5jbsFSwKW1",0.0851876271533594
"48UPSzbZjgc449aqz8bxox",0.141391231822746
"3dPQuX8Gs42Y7b454ybpMR",1.28285967903671
"5gI0Acwuv7iBUxbgtlDFk4",-0.990709947946325
"74NANS3BFQRnpz3S0JVg5o",0.149420318204087
"2Lkn3Of9JHY6RSA8c3omKT",0.542845550889792
"1aL952bo0KZTPevSl3207C",0.422409255169678
"4MiLgByToEVhuGwc6MrSIX",-0.276121260006983
"5ugV3rhvi2h6l52e1cIfLw",0.422409255169678
"12sPGeSWgxY2zpPupFYIrZ",0.960358042719521
"7IMnJ5f7mRoGTtf8TPAILw",-1.36004792148801
"36NQtTNiBpURnyDasqNsCf",-1.31187340319996
"4U1WGnRxI57j3Ebi9A3HtD",-0.990709947946325
"3mJV4kByjmgU3ubU7JPp9W",-1.00542993964545
"4YZg4UXqhMoUM40aPNIX1v",-0.34035395105771
"0ttfJZcKq7E7NcIldlogbn",-1.348004291916
"5ftfVzSLIi5ZxYdNbRtf41",0.0370131088653137
"6YrAf4oXHqLg0ZANlUMz6y",-1.32993884755798
"2Z2vcMJMq1SFmteHzxJoey",-1.348004291916
"5qEn8c0MBzyRKgQq91Vevi",1.18517246139707
"7brQHA2CgQpcMBiOlfiXYb",0.928241697194157
"1foMv2HQwfQ2vntFf9HFeG",0.390292909644315
"3KKmCToTNy7Mnvkd9k0vVR",-1.3199024895813
"1MWApXQMyidjiXB7w19fXH",0.502700118983088
"42Jkqzhm5Y7ab7f1d22GTq",-0.757866442887438
"4w50X1lyc0QOO6AGcfVJyI",0.502700118983088
"7D9CMVj8TeaozjxYCIE5oF",-1.35001156351133
"1lYHv3SEkE6wKfZRe0HMOG",-1.36004792148801
"2mLYjGJ1Fl4qNept7opf7Y",-1.35001156351133
"6lVtX3nLHyWZP7aqU9HuVW",0.253798441161519
"2vGDTOtslhkco6LVFfdEI2",-0.472833876349835
"7KPwpv8wlkkaNRd4LLoQT9",-0.472833876349835
"3y4AS6cTOQBTnEsTbOUtIg",-0.533052024209892
"69z5PKKbmZqcS4l86UhPpR",-0.155684964286869
"2DtPEKs3Pj7E06EoWW4vw8",-0.404586642108437
"1wybXxUeY5yj4Zi7d6jAaW",0.671310932991247
"1Vej0qeQ3ioKwpI6FUbRv1",0.446496514313701
"3CrsuTJomWZmeXIvKhV45l",1.22531789330377
"6sOJPD0swoF50sYzHnampc",-0.98870267635099
"0jpH3aJTsu8PNTHO5TzWPv",-1.3199024895813
"6ngu6sBaJMM05mAVATApZJ",0.35014747773761
"0kz60VCKOQrGfv7fpHqwyf",0.486641946220406
"2Mes3Ubeld6px0kvYRAra3",-1.35201883510667
"5q1Lzfqem9a7uEd03KZ9Qb",0.334089304974928
"5waHhqlk8iTweFuHeZz9CZ",-0.147655877905528
"0393PMIQFV9pewSmxoWwXw",-1.36004792148801
"2s0QwtFt0lBDGPCnJeDvJz",-1.35201883510667
"7vNEDUsDuUZ4MOkrl3REj2",-0.591549653559662
"3A5GWLRz25wpL8yx4vf0sq",-0.998739034327666
"1yXOiLikkgT70ND5Sj9Ov7",-1.35201883510667
"6AQl2w7IHk6jOYgSZcXj8z",-0.396557555727097
"44zVV7hw9cCj2tmzCmmChE",-1.35201883510667
"6uYSPBL3Y2shKlqH52Rw4l",-1.36004792148801
"1CfKabrnieuwFYodtDZvvw",0.0530712816279956
"1GN7Kn9Hr4pOpVVxBL1ZUD",0.430438341551019
"3F4M4WsRWSIaHL2Nio1S8E",-1.35201883510667
"0hPjv7ShJQkoZM8JiBnTqa",-1.36004792148801
"2S9yxu8MLsL0CXoSdGuues",-1.36004792148801
"5qmdJ43JhLyQU06f673RJ1",-1.21552436662387
"4tyD9sivpD8NGM8KEEabAl",0.125333059060064
"4TbyiYcllv8PfNO6aAUdxG",-0.211888568956255
"3ZOEytgrvLwQaqXreDs2Jx",-0.213035581296447
"2ZUyxzeqj11CBJwZbnYgb8",-0.0673650140921184
"0raOzVFA5sMpRDgMZ0ZTJc",-0.420644814871119
"7B0r4rRL37jsjGFualPIyF",-0.260063087244301
"1nQYbtP8RwXxA7DwW6Kn38",-1.33328430021687
"2AMjuIoFxAYnQ5PWrRceOP",-1.35112671439763
"3jcMkuNGMExEorJSML33D9",0.566932810033815
"1fDFHXcykq4iw8Gg7s5hG9",-0.0352486685667546
"1EWDtcKzwZqflFqdiN3fyv",-1.31187340319996
"16D5d14hKxxHkKX7M1aqJZ",-0.86224456584487
"2f14KQkkTTPbqjkBySHhwA",-1.36004792148801
"1dYw8HTRJnFpeEeMtXj99a",0.301972959449564
"3CjDcS506vLoyV4qKKeTGW",-1.36004792148801
"63vFGclIBFHOhszBT9kPq1",1.112910683965
"4yqNNPoc2JCqHwp3EDLrXE",-1.36004792148801
"5kZbD9TCr2Iw9HoQFHB9Ec",-1.36004792148801
"0UA2BRk8pQaHUUnl45aFN0",-0.484877505921847
"54RIrgjhCmUvAwmUuDqJTA",-1.31416742788035
"7lGKEWMXVWWTt3X71Bv44I",-0.414399969907854
"3eHYnUFpEZjnTQag1EVxHC",0.86400900614343
"0815caqt2Lytro5EIzMufT",-0.0914522732361411
"6G8xvLFNkXy3HM5EbQI6c8",0.141391231822746
"40lKptao1hxVqA7fd1OOGp",0.252460260097962
"4ITIaQ64inKaI9rjRoNcLo",-0.312252148723017
"4BRlQ27PLKJtgnWGFISxOM",-1.35431285978705
"4yUk1knKtOuUEPT2iy85Xp",-1.32563755128226
"6aUEWZkvcTFOpr8viqbRza",-0.94253542965828
"7HQb4hccUNRrB7tqQht0MH",-0.249357638735846
"27sytaeEm6TDVMpdExyVfd",-1.01881175028102
"2XzziOT8OUGrDnnveRpxwI",-0.831466401383063
"4MTgIH5OZQHAbdBWgbKSAb",0.285914786686883
"0W7KIc2GSB9suYQAaMZ9rF",0.192242112237905
"0jOSpB2zK2O0SNxj8ZT5lp",0.831892660618066
"6DSnc88NhmqGI1wsqf4DPu",0.43846742793236
"1RsYoEMHQmRgvhtHx9lV3O",-0.324295778295028
"7jrnZxYFBJFHO7hcJBCAIl",-0.324295778295028
"0CrCW8u5hXD6Ztd7V8ay1i",-0.565168369735256
"63hVrWvNfJz10heZwTjCOy",0.0209549361026319
"675g81tQUHsYVwMoLo7Bq4",-1.30384431681862
"1mOhRdYfCMLbyzrQPPcGMG",-0.155684964286869
"7MIKwg3dDCWhxMVjMvqF1O",-1.34666611085244
"1koF8KimSlZGaxrtoSEBFM",-1.36004792148801
"6XcfKZvJio9Z0fQy11GnNX",1.1530561158717
"5v8aEcHcaJIGYpfVVPtJjI",1.23334697968511
"49qEikVVPd6PgH6S2pbXjZ",-0.107510445998823
"3Y4rUyw7XBCK6hGHCOt6rp",0.310002045830905
"0H4BGX7L8UfoD0g4wgXd0D",0.574961896415156
"2oaK4JLVnmRGIO9ytBE1bt",0.301972959449564
"4e9eGQYsOiBcftrWXwsVco",-1.11344026834682
"3aYBjxTMvrEOP0A0UXg9ER",1.1624233833166
"63OQupATfueTdZMWTxW03A",0.494671032601747
"1ZLExfqDJGcoZfc6l1vDws",0.558903723652474
"1xCMazcgI1g5lyfaGrxnN8",-0.187801309812232
"15IuOb99czEVjmWHXCEGBJ",0.694060011071713
"7wmIhVA7yo1GqVyvK0TQK3",0.446496514313701
"7xcqbjV2NfxlnJzqdRuO7E",1.00184165568978
"28DlaPydCnrs8NxYOnUPZ8",0.221682095636155
"4XfI7M5gLwEY84gYiH4RDD",-0.884993643925336
"3tRPfCFAEv6wWyQO0YnGGV",-0.0820850057912434
"5QvU2zJrEVw1gAVL4D4iLj",-0.621371974404643
"1xLs8Mu1QEVbGCpyHQ2r2U",0.599049155559179
"2Kt1XplPBQBsDKQDa6TssB",0.855979919762089
"2e9GdZASfQ1PE5qgqdJxty",-1.00447409602862
"4rIh6qpabjGU9JEYygzhud",-0.77392461565012
"7FFj3UBGSRp764O6n3WIT5",-0.613342888023302
"2ZkoIuZaRbU14w3LSDAyNB",-0.0673650140921183
"7iyR2H3GRhBUrAxLJOhN0B",-0.131597705142846
"1a7ZHtzNCTPuJkStK8WJbq",-1.35201883510667
"7tYQXKBRjIafvyczPPUbbe",0.310002045830905
"5oDVOrP8U5lxQIuV4814qA",0.293943873068224
"4EHWldZTas5KUyFtT0rQlY",0.655252760228565
"2LAbwhtxSdxvOjQRSNdVmF",0.553550999398247
"4tcoy9e3wbgGlXDXusZEra",-0.203859482574914
"1QJWQRagviM87ff3wQjBkP",0.542845550889792
"6G2IXaarVeVde7CaMOxvNh",-1.34398974872533
"1tdazGttmzXdBP3fj1kQr6",-1.34398974872533
"3v7jHsXQAVusxBupIkDTeK",0.0932167135347003
"5mC0tSmdI2MgY9ZEqiztUP",0.0517331005644388
"40iocOzytrqaRn5RbGPDNp",-0.0272195821854137
"3dJj6o9o1fRgrojWjailuz",0.310002045830905
"6Vb1LGvWPpP3aeuRcp098D",-0.908411812537581
"5FUU4A7OkQWMN3SW6RcXCt",0.422409255169678
"6TfBA04WJ3X1d1wXhaCFVT",1.19320154777841
"087Hfvj80hJaJ7e15qKebK",0.26182752754286
"5jNEOXCb4606Enri06LgSd",-0.373617308923265
"40LQiUUUKXVGyNs09lHVjW",-0.316266691913687
"6GGaeNKmqQQfQmTlNoUezD",0.961696223783078
"6kykAmLzRQI5ozXjujslWo",-1.36004792148801
"2pyjbGTpJCPjMYwCbdymiF",0.655252760228565
"1vNoA9F5ASnlBISFekDmg3",-0.537066567400563
"3RlsVPIIs5KFhLFhxZ4iDF",0.43846742793236
"5mpUKTdskZea0gStWzeHUZ",-1.36004792148801
"0RW1xWSPxmbXf012RN3yWl",-0.0432777549480955
"14kf1Cdj0sdtKtMY02IBcB",-0.74448463225187
"0HdKT77fmQMoU0mAjHs7O0",-0.818084590747495
"14OePRS8B28wHaZ3g6sv9w",-1.20311577857998
"4K7x9KC3XrcKMNdhVoaBOj",-1.36004792148801
"5zc2yka1Itw55sYxeGH4Sp",-1.03888446623437
"6h4YWETL6DAEKpeSr0CaGu",0.0851876271533594
"0yc6Gst2xkRu0eMLeRMGCX",1.112910683965
"4VxaUj96W2jw9UOtKHu51p",-0.0272195821854137
"3YL4zMqcyFu0OfLI1sZ66Z",0.992474388244885
"53k1gKFpKrDbktUzrB80f0",0.117303972678723
"62velwDNtZJhdPOpy9ctiE",0.703427278516611
"0dEKzVr89cnGpcucuLkB4i",0.205623922873473
"0WVG5QXJchL64xJGrK5uVl",-0.717721010980734
"1SjrigLGBRsprShDwUNdv7",-0.268092173625642
"7i1DkDc2j0yVsSt3jjDvk3",0.671310932991247
"257SoE95qEweGItCB9Q5rE",0.253798441161519
"514vvD0m17sJuYzoOqcE2Q",1.33772510264254
"6VJYENs5BugMc1dCVepivD",0.398321996025656
"5Fo6raKxBGpScXX0Twf82e",0.0289840224839729
"0bndF6tTweNXPjwpPL7Slt",0.759630883185997
"56oReVXIfUO9xkX7pHmEU0",0.0932167135347003
"6KpO4neDXxGdiEgsivZieY",0.229711182017496
"3mKEXsnqhX5Z0swcZvIhpH",-0.42867390125246
"4UirRyrZ431JmKmqVzfX8q",0.0611003680093365
"4ztaiZfY9lPy1ItQ3DoRiT",0.285914786686883
"2DMFELtbHiWEwF0V906bKo",0.205623922873473
"0pNC2MAeFjea9qWOfGhtbi",0.374234736881633
"62CprXvSWsKBvYu3Yba55A",-0.854215479463529
"5eG8QuQKOBvDeCyoOeMkhT",0.912183524431475
"13Z3uZXTFpbLBZ8R1rTUKO",0.326060218593587
"6eusWfAal7mOOLr0XFLkiY",0.205623922873473
"4BMHp3DkI8VLsuB9Kr0pzu",-0.284150346388323
"7M6HUMTLYk36ThEK9G5QpN",0.157449404585428
"6bWpIjXBVrGNDW8eNcXC1n",0.157449404585428
"2ZgzcSD8lWLOwWoNYFX219",0.43846742793236
"0vSGh7m49wOnmPDkv3m9m1",0.566932810033815
"2IVTadJg1X3ZjlHI5dLh9r",0.743572710423316
"5ay0cvjtVAbMLOe8gTadFh",0.775689055948679
"5TmKvbzD7zEbZLNfhAHTar",-1.1031171572851
"2NZEJxIUnsP18o2aNzeuZW",0.470583773457724
"2k2MprlqkmDMKKOOWGREzW",0.269856613924201
"4LnHfZGEitmIVS17wndaUI",1.32166692987986
"0tVfMLnBs02zD6RhUmXnVs",-0.0954668164268115
"6vmXrxQgCYzGXwRSoJf4I1",0.727514537660634
"3lB90ecwKTc3SHHUadsv2E",0.69539819213527
"4WiqPbWvLbv317E8fB4SJC",0.133362145441405
"4GEzdXpbeGB97W1C3gH8Hh",0.470583773457724
"3cIG78oBauowzEbkBwWADN",0.301972959449564
"6HIRhDZd8E7MMkfZDLpV48",1.01656164738891
"35U312XkyaOTEbaftUt1K6",0.245769354780178
"2oC9Ah7npALCCPW5DC1gob",0.631165501084543
"3cBtANnJGopPaRMXCl3mV7",0.631165501084543
"6XTKYGyydndSUV3OHHDwZU",0.334089304974928
"5O3UGMP9XJLbshKKZHsrGN",0.687369105753929
"2EDYchd8hhwAOWKGQxJoro",0.486641946220406
"11n8LudggXuZXmldSlAadR",0.0370131088653138
"67u3IsSI1tmEsF7jZWPQWc",0.936270783575498
"1RIUlX6LV4qx1KOZjlEn4Z",-0.155684964286869
"2Jr8bmTiSIKWvn3OpTyN9s",0.550874637271133
"1dWxSS2a93X4XVfs1mSYkB",0.60707824194052
"3Oi0avSYPw3ZAkemFGwr6U",0.0691294543906775
"2G0HnuRXjzOZVX07JIi3eU",1.33772510264254
"3jQe4AVg43Oh6byqoVUgjQ",0.326060218593587
"4ecwrnFDSJLlLyZlEH7YGK",0.751601796804657
"2tSjhsJNIMBjNpnapXnd7y",-0.0191904958040727
"1GfdC8GouQqL0RKKzgIhXw",-0.099481359617482
"4ixtbXS3sjmGyFKEGUSkGl",-0.677575579074029
"1nd0AX0VYGQb2pF442YqGj",0.502700118983088
"38UKRmA5IAaf1Vkx8ReHV0",0.0370131088653138
"74uoN2UfgdUAzwVeFaRUE2",0.0584240058822229
"5sPQZv8GaaGrRFLa5dDzRK",0.494671032601747
"5F0hIO08012qttN94QlO7k",1.10488159758366
"2fgpYCWp31JJlplZ7MRANG",0.86400900614343
"5q4HX5dFrepBt1T4Kjuw6p",-0.131597705142846
"3xjaaBf7ef5TWermNspKOM",0.181536663729451
"2Do7ktNM0cNJv4XIHXU6eY",0.807805401474043
"3Hv2XS0W9g4FAGzXCOYEnn",0.896125351668793
"0aPrTlWUf2nmDkC9gcP5kZ",0.277885700305542
"0rFdP3ZfwsUajBLUuex0Kb",0.759630883185997
"4acmzQsAeMJa5sGFSog7fu",0.229711182017496
"1QooJ7JbyjqXVTDFZKJ4cp",0.961696223783078
"0bCSGdS5SRvzoz4IBTD55W",0.245769354780178
"51wV3bwTnQMNe4lZHiacGs",0.310002045830905
"76BHmT2sUm6yjo9TivNRda",0.775689055948679
"3Cs4g3w33H9YEptmg34DQc",0.23238754414461
"21OxPURFtFrTwWGq9aJCju",0.767659969567338
"7gbdU7Cuj07lHi0qW0vZcG",0.831892660618066
"6fCz8Gq7VZ1l44Ysm1Ktfy",0.149420318204087
"5hAsWMGQXBjDjYMoIlP9Ak",0.117303972678723
"0O2u3bDpazJ5rr7pVsuzzI",1.00050347462623
"3ESsjKqrj3M79I8sSZieK3",0.855979919762089
"0FqUMEzL1NKcjzalZauz1u",0.703427278516611
"47aMbtetHwI7tLR9Z7iec7",0.0530712816279956
"61QLXBMBt3yy8luGgYsAbe",0.655252760228565
"1G2mAZQL8xfy9wRqC6fY6K",0.855979919762089
"3l1LcOxoXu7YfFKFkSSBeI",-0.0673650140921183
"6jPob3XDIVyNwPKUv2GwBf",0.815834487855384
"7eL7yfCL9hs0mAW6B5Rfmg",0.727514537660634
"4GNAkByimF0pxX2vgG35Z3",0.0851876271533594
"5mjfIZabc3GGbIYtBa6VEw",-0.958593602420962
"78kPi2sLwSmILgJXz7wQxg",0.502700118983088
"2kNwTOVdZGCGROgAzjD1J0",0.631165501084543
"1A3K44xa9pVPWdsCnfdHim",0.245769354780178
"1QGlEQJkixOXsbijKqNTDB",-0.468819333159165
"2qz4vG6T2PYAYP5YU9dULG",0.390292909644315
"2FQviMkaoixlgWuGL4u1EO",0.647223673847224
"0bT6empnTxGJlNQEvDaGWr",-0.388528469345755
"0dDdc2ugBXcZkO00xvR6wZ",0.470583773457724
"1Lg48034U6ywV9IOEpOdYg",0.398321996025656
"5nEvhoKxYs665DDlRyhtrU",-1.04691355261571
"0n3mB1nLmwh55MZaqQllEq",0.855979919762089
"7BpDcPsVqfMgHdVglLK3Kt",1.00853256100757
"6jDez1MckVsLvFdQDKEtzt",0.807805401474043
"3Ygq0ec3IlNfBUCGW566Cx",0.470583773457724
"5bhbv1xIbk0SbfQ2MEXe8F",-0.0513068413294365
"7b2dMRCVDx7OGekIVjCrs1",0.189565750110791
"6yPUtBVbbSpp7khUpcmcDu",0.751601796804657
"4Y2W4zKa3q72ztbkA0r8Va",0.51875829174577
"19TSZedtW2YMsqkYeVleCv",0.382263823262974
"690PE50BbeUc6jApItiYZ6",0.197594836492132
"0OETMJ8CZV2GQ4m79thkea",0.454525600695042
"5626KdflSKfeDK7RJQfSrE",-0.0994813596174821
"547Nm5ni48VzcrPmyqRgS5",0.599049155559179
"6i8GiLfa1PAwKl4SBfpFVt",-0.661517406311347
"4uKzc4cK3OOzVPluOAoBj2",0.591020069177838
"6g4oYXbiCRAU8iPIAPR5Rm",-0.155684964286869
"03h0ioes0mfaZIeAO1fV5o",-0.412615728489778
"1t4EDMSxXLQhOiutcMN6VQ",-0.645459233548665
"6d3RIvHfVkoOtW1WHXmbX3",-0.276121260006983
"79NTF8fdHY0gdu23bgSvle",1.45013231198132
"6Yy3QRfT2WsUXrdplVdt4h",0.631165501084543
"3x5EerSpxWhkSvLKQ87U2S",0.414380168788337
"1hdDnQRPinE8hxYhW3uy6u",0.414380168788337
"4iFiFqYJpZWBMn98i7sC4d",-0.42867390125246
"1650yatyByhD11nXbD8ktd",0.984445301863543
"4A1VmZQ2rdCS07En1TLDNb",0.301972959449564
"29q7PM3L44I9R6yhd234Oy",-0.00313232304139088
"4oHq26hX82ls9HmKGqZGVH",-0.276121260006983
"7qIqOFDgHqCC2xSkvU77xV",-0.276121260006983
"5EOEErdkUukZF8X7aP4eqo",-0.17174313704955
"5wm0L02zvFgWP6QwIBh16p",0.334089304974928
"4FEcEOyyGbPR1cnYMBTRfO",0.727514537660634
"1UdiJ6Y2eisfQQ76MZOX4B",0.566932810033815
"1Kb2DqjHRvOcT5xeWtz3t5",0.623136414703202
"1uwKP0GLOEadApXpoMqynE",0.141391231822746
"4BTPwdNcGQK2GQxwvKkiZI",0.831892660618066
"7FINWnbVBnZdja3kUIvptF",-0.613342888023302
"7blNhlXimy77PduXyWtmcI",-0.664193768438461
"0E5kJzyQhf4m02ooeO9tTy",0.012925849721291
"0HZtVLVL6oLU9WobKQxqGu",-0.155684964286869
"32zrKU0KPtMBFdQv5LTa9H",0.928241697194157
"2ZUEopklc3lUm4OXUPB6WS",0.655252760228565
"16Xl9H3ITIZFIYP5feQ9Sm",0.358176564118951
"3rLe832ZEZfpBmkgXGSrtX",0.0450421952466547
"64RytVxzDMJaEfpChovS7V",0.904154438050134
"5L8f98adkgyzT8DLL5ppec",0.600387336622736
"3BfKUxdpnG24qXFYX2e5XU",0.751601796804657
"6jWAQNlfoScyyDijaa7uVO",0.414380168788337
"57YoIlL4U1khGfYI5JEBEk",0.269856613924201
"2YlLv22mNqbG3logspCLZk",0.390292909644315
"4XPq8MBYuWi4Z5PzmebwYo",1.00050347462623
"7qt641kuazHzMIn4lbkns5",0.149420318204087
"1OD2YXIOmfYmBAYfV1maRV",1.10488159758366
"3Zm6QMBYCwNZFUOmVBoVhA",1.28285967903671
"4nAvEP0TxzNPiu710Dl5va",-0.123568618761505
"2GnYCy70I8cR4oEA2wsSDx",0.928241697194157
"1j7fq3bwLM63RMFvceb2Fm",0.807805401474043
"5YfZknxIgQayJKaMn5Z11G",0.687369105753929
"4MzII8fszi8KkFl1ryv07L",0.775689055948679
"5KwLjZ0oJ5kNl7jGtdiIOC",0.486641946220406
"05IJNjjrvn8pDzOpbjrsIy",0.69539819213527
"4fF4M4RTXEHpTPMa7c42RX",0.269856613924201
"5os4iDInR4chqaCdXi895k",1.04064890653293
"2otEJWkJVqEBV4sRRfkGMz",0.165478490966769
"0BnhFOwAh1ob5Wj1erelr8",0.245769354780178
"5v3TSHYm8BzbON2u6QBEG7",0.533478283444895
"5rmSiOcI7xPIOhMTakVxa0",0.550874637271133
"1O9RWAwUb7MhiohlNpM4vp",-0.771248253523007
"4UPlcGD9xQev7wUe4hen7H",0.591020069177838
"44CBS46WolmxYXqHaa77An",0.831892660618066
"4adwMf4Uzn3uwf6Fzz2YUa",0.326060218593587
"6lvJV4kU2oXyjeP2QoXK7k",0.623136414703202
"1uhGW4jUw12CdZCnXBKanD",0.293943873068224
"0IqZcNlUn3LALc6zwo1wxV",0.526787378127111
"7614zWoEzYhgOhkHseixij",0.125333059060064
"2e9RLCa5uvqsIbaOHayB2g",0.382263823262974
"7034weTiBHETcBGfx30owY",1.16108520225304
"3HGKzDBC6MfnJtcCRi7xB3",0.647223673847224
"5pmxkW0gZrqq00Gy1aGZQv",0.494671032601747
"1LlEw7wp9AOX0ZkgoOEMxd",0.558903723652474
"7aK1caHaXe63BtAoIFvN2h",0.928241697194157
"3dX87nGdE9AdBbFPBN6JyD",0.374234736881633
"2vBIOyCqBAoZ4Fxc4JOKL3",0.334089304974928
"4iuGVtUXm2RfdyaGofN5MC",0.478612859839065
"71dLJx3qHOTQMTvvoE2dmd",0.60707824194052
"3Sy6wgTNEp6vSgLs4EyXAf",-0.0111614094227318
"6qWKxzkGaEnYavQeKwa7KV",0.213653009254814
"5DXRsdvm0PDF4kq3xVfIsZ",0.430438341551019
"0eZIx87EUrxkvV7X8fCbIv",0.663281846609906
"27PY8xDnKTfVG9G1q8guZq",0.310002045830905
"3bCmDqflFBHijgJfvtqev5",-0.0352486685667546
"0OPAfFVbyXiGJTHsXqrC7o",-0.300208519151005
"6grkrnX0IaNPz92hH8qDAt",0.69539819213527
"6ECxq5Sh1ogq6oHDRUVmV2",0.839921746999407
"3skG5verLx4Tq6BHZ3Hv64",-0.581226542497938
"3SneyeUpTaZfmdT2LeEAhk",-1.1031171572851
"0EZHiRC20SAuX4ChQA1MG9",-0.789982788412802
"5Zo96jw2gqhA6JpUsmPrSu",0.566932810033815
"0lmuyNAxG9YA3LfXftGzPS",0.759630883185997
"54TgI46OnNqcf0SyzQyCL6",-0.179772223430891
"3yjzSTgeqPyp6ReOmiBDuJ",0.342118391356269
